Workbook

Sheet Dashboard
A1: لوحة متابعة الالتزام بخارطة ASP.NET Core
A3: تاريخ البداية | B3: 46190 | D3: الجلسات المكتملة | E3: =COUNTIF(Daily_Tracker!$G:$G,"تم") -> 0
A4: مدة الخطة بالأيام | B4: 180 | D4: جلسات قيد التنفيذ | E4: =COUNTIF(Daily_Tracker!$G:$G,"قيد التنفيذ") -> 0
A5: الحد الأدنى اليومي | B5: 15 دقيقة | D5: الأيام المتوقفة | E5: =COUNTIF(Daily_Tracker!$G:$G,"متوقف") -> 0
A6: الهدف الأسبوعي | B6: 5 جلسات | D6: إجمالي الدقائق | E6: =SUM(Daily_Tracker!$F:$F) -> 0
A7: التركيز الحالي | B7: المرحلة 0 ثم المرحلة 1 | D7: متوسط النقاط | E7: =IFERROR(AVERAGE(Daily_Tracker!$K$2:$K$181),0) -> 0
A8: القاعدة | B8: لا تعلم بدون تطبيق | D8: Sprints مكتملة | E8: =COUNTIF(Sprint_Plan!$H:$H,"تم") -> 0
A9: المشروع الرئيسي | B9: SalesInventory.Api أو GameStore.Api | D9: نسبة تقدم الخارطة | E9: =IFERROR(COUNTIF(Sprint_Plan!$H:$H,"تم")/24,0) -> 0
A12: طريقة استخدام الملف
A13: 1. قبل النوم اكتب مهمة الغد في Daily_Tracker.
A14: 2. نفذ جلسة مركزة واحدة على الأقل؛ الحد الأدنى 15 دقيقة.
A15: 3. غيّر الحالة إلى تم/قيد التنفيذ/متوقف/محجوب واكتب خطوة الغد.
A16: 4. كل جمعة املأ Weekly_Review وحدّث حالة Sprint_Plan.
A17: 5. لا تقفز إلى Docker أو Keycloak أو Azure قبل اكتمال مخرج الأسبوع الحالي.

Sheet Sprint_Plan
A1: الأسبوع | B1: المرحلة | C1: العنوان | D1: هدف الأسبوع | E1: محاور التركيز | F1: المخرج المطلوب | G1: الأولوية | H1: الحالة | I1: ملاحظات
A2: 1 | B2: 0 | C2: C# Refresh | D2: بناء هيكل Console App | E2: Classes + Entities + Services | F2: إنشاء Console App مرتب | G2: عالية | H2: لم يبدأ
A3: 2 | B3: 1 | C3: ASP.NET Core Essentials | D3: إنشاء API Skeleton + Products/Categories | E3: Minimal API, DTOs, DI, Swagger | F3: CRUD للمنتجات والتصنيفات | G3: عالية | H3: لم يبدأ
A4: 3 | B4: 1 | C4: ASP.NET Core Essentials | D4: إضافة Customers/Orders + EF Core | E4: DbContext, Migrations, Seeding | F4: Orders CRUD مع قاعدة بيانات | G4: عالية | H4: لم يبدأ
A5: 4 | B5: 2 | C5: Vertical Slice | D5: إعادة هيكلة Features | E5: Feature folders, Handlers, Validators | F5: Products/Orders كسلايس واضحة | G5: عالية | H5: لم يبدأ
A6: 5 | B6: 3 | C6: Advanced APIs | D6: إضافة Search/Pagination/Filtering | E6: Query patterns + Response format | F6: API للمنتجات قابل للبحث والتقسيم | G6: عالية | H6: لم يبدأ
A7: 6 | B7: 3 | C7: Advanced APIs | D7: Error Handling + Files + Logging | E7: ProblemDetails, Middleware, Uploads | F7: رفع صورة + أخطاء موحدة | G7: عالية | H7: لم يبدأ
A8: 7 | B8: 4 | C8: Security | D8: JWT Roles/Policies | E8: JWT, Roles, Claims, Policies | F8: قواعد Admin/Seller/Customer | G8: عالية | H8: لم يبدأ
A9: 8 | B9: 4 | C9: Security | D9: Keycloak + Ownership Checks | E9: OAuth/OIDC, Resource Auth | F9: Customer يرى طلباته فقط | G9: عالية | H9: لم يبدأ
A10: 9 | B10: 5 | C10: EF Core Production | D10: Indexes, Transactions, Concurrency | E10: Fluent API, Transactions, Projections | F10: لا Entity مباشرة من API | G10: عالية | H10: لم يبدأ
A11: 10 | B11: 6 | C11: Docker | D11: Dockerize Full System | E11: Dockerfile, Compose, Env Vars | F11: docker compose up يعمل | G11: عالية | H11: لم يبدأ
A12: 11 | B12: 7 | C12: Azure | D12: تحضير النشر السحابي | E12: App Service, DB, Storage, Secrets | F12: API منشور على Staging | G12: متوسطة | H12: لم يبدأ
A13: 12 | B13: 7 | C13: Azure | D13: تقوية النشر | E13: Logs, Envs, Key Vault | F13: لا أسرار في المستودع | G13: متوسطة | H13: لم يبدأ
... A25: 24 | B25: 13 | C25: Microservices Optional | D25: تثبيت وتوثيق | E25: Resilience, Eventual Consistency | F25: Architecture Notes منشورة | G25: اختياري | H25: لم يبدأ

Sheet Daily_Tracker
A1: التاريخ | B1: الأسبوع | C1: اليوم | D1: المهمة المخططة | E1: ما تم فعلياً | F1: الدقائق | G1: الحالة | H1: الطاقة | I1: العائق | J1: خطوة الغد | K1: النقاط
A2: 46190 | B2: 1 | C2: Wednesday | D2: بناء هيكل Console App | F2: 0 | G2: لم يبدأ | K2: =IF(G2="تم",3,IF(G2="قيد التنفيذ",2,IF(G2="محجوب",1,IF(G2="متوقف",0,0)))) -> 0
A3: 46191 | B3: 1 | C3: Thursday | D3: بناء هيكل Console App | F3: 0 | G3: لم يبدأ | K3: =IF(G3="تم",3,IF(G3="قيد التنفيذ",2,IF(G3="محجوب",1,IF(G3="متوقف",0,0)))) -> 0
A4: 46192 | B4: 1 | C4: Friday | D4: بناء هيكل Console App | F4: 0 | G4: لم يبدأ | K4: =IF(G4="تم",3,IF(G4="قيد التنفيذ",2,IF(G4="محجوب",1,IF(G4="متوقف",0,0)))) -> 0
A5: 46193 | B5: 1 | C5: Saturday | D5: بناء هيكل Console App | F5: 0 | G5: لم يبدأ | K5: =IF(G5="تم",3,IF(G5="قيد التنفيذ",2,IF(G5="محجوب",1,IF(G5="متوقف",0,0)))) -> 0
A6: 46194 | B6: 1 | C6: Sunday | D6: بناء هيكل Console App | F6: 0 | G6: لم يبدأ | K6: =IF(G6="تم",3,IF(G6="قيد التنفيذ",2,IF(G6="محجوب",1,IF(G6="متوقف",0,0)))) -> 0
A7: 46195 | B7: 1 | C7: Monday | D7: بناء هيكل Console App | F7: 0 | G7: لم يبدأ | K7: =IF(G7="تم",3,IF(G7="قيد التنفيذ",2,IF(G7="محجوب",1,IF(G7="متوقف",0,0)))) -> 0
A8: 46196 | B8: 1 | C8: Tuesday | D8: بناء هيكل Console App | F8: 0 | G8: لم يبدأ | K8: =IF(G8="تم",3,IF(G8="قيد التنفيذ",2,IF(G8="محجوب",1,IF(G8="متوقف",0,0)))) -> 0
A9: 46197 | B9: 2 | C9: Wednesday | D9: إنشاء API Skeleton + Products/Categories | F9: 0 | G9: لم يبدأ | K9: =IF(G9="تم",3,IF(G9="قيد التنفيذ",2,IF(G9="محجوب",1,IF(G9="متوقف",0,0)))) -> 0
A10: 46198 | B10: 2 | C10: Thursday | D10: إنشاء API Skeleton + Products/Categories | F10: 0 | G10: لم يبدأ | K10: =IF(G10="تم",3,IF(G10="قيد التنفيذ",2,IF(G10="محجوب",1,IF(G10="متوقف",0,0)))) -> 0
A11: 46199 | B11: 2 | C11: Friday | D11: إنشاء API Skeleton + Products/Categories | F11: 0 | G11: لم يبدأ | K11: =IF(G11="تم",3,IF(G11="قيد التنفيذ",2,IF(G11="محجوب",1,IF(G11="متوقف",0,0)))) -> 0
A12: 46200 | B12: 2 | C12: Saturday | D12: إنشاء API Skeleton + Products/Categories | F12: 0 | G12: لم يبدأ | K12: =IF(G12="تم",3,IF(G12="قيد التنفيذ",2,IF(G12="محجوب",1,IF(G12="متوقف",0,0)))) -> 0
A13: 46201 | B13: 2 | C13: Sunday | D13: إنشاء API Skeleton + Products/Categories | F13: 0 | G13: لم يبدأ | K13: =IF(G13="تم",3,IF(G13="قيد التنفيذ",2,IF(G13="محجوب",1,IF(G13="متوقف",0,0)))) -> 0
... A181: 46369 | B181: 26 | C181: Sunday | D181: تثبيت وتوثيق | F181: 0 | G181: لم يبدأ | K181: =IF(G181="تم",3,IF(G181="قيد التنفيذ",2,IF(G181="محجوب",1,IF(G181="متوقف",0,0)))) -> 0

Sheet Roadmap_Backlog
A1: المرحلة | B1: العنوان | C1: المدة | D1: المخرج العملي | E1: ماذا أتعلم؟ | F1: معيار الإكمال
A2: 0 | B2: C# + OOP + SOLID Refresh | C2: 1-2 أسبوع | D2: Console App لإدارة المنتجات والطلبات | E2: Classes, Interfaces, Records, LINQ, async/await, Generics, SOLID, DTOs, Validation | F2: لا تنتقل إلى ASP.NET Core قبل أن يكون تطبيق Console مرتباً ومفصول المسؤوليات
A3: 1 | B3: ASP.NET Core Essentials | C3: أسبوعان | D3: API باسم SalesInventory.Api أو GameStore.Api | E3: Project Structure, Minimal APIs/Controllers, Routing, Status Codes, DTOs, DI, EF Core, Migrations, Configuration, Seeding, Swagger | F3: GET/POST/PUT/DELETE + DTOs + Validation + Migrations + Swagger + Git commits
A4: 2 | B4: Vertical Slice Architecture | C4: أسبوع | D4: إعادة تنظيم CRUD إلى Features/Slices | E4: Feature-based folders, CQRS basics, Handlers, Validators, Requests/Responses | F4: إضافة Feature جديدة لا تتطلب لمس أماكن كثيرة بلا سبب
A5: 3 | B5: ASP.NET Core Advanced | C5: أسبوعان | D5: API بسلوك قريب من Production | E5: CancellationToken, Logging, Middleware, ProblemDetails, Pagination, Filtering, Sorting, File Upload | F5: أخطاء موحدة، لا Stack Trace للمستخدم، Endpoints قابلة للبحث والتقسيم
A6: 4 | B6: Security: JWT + Keycloak + OAuth/OIDC | C6: أسبوعان | D6: تأمين API بالأدوار والسياسات | E6: Authentication vs Authorization, JWT, Claims, Roles, Policies, Ownership Checks, Keycloak | F6: Customer لا يرى طلبات غيره، والمدير يستطيع إدارة الكل
A7: 5 | B7: EF Core Production Practices | C7: 1-2 أسبوع | D7: قاعدة بيانات مناسبة لنظام حقيقي | E7: Fluent API, Indexes, Relationships, Transactions, Optimistic Concurrency, Projections, AsNoTracking | F7: لا Endpoint يرجع Entity مباشرة، ولا Business Logic داخل DbContext
A8: 6 | B8: Docker | C8: أسبوع | D8: تشغيل النظام كاملاً بـ docker compose up | E8: Dockerfile, Multi-stage builds, Compose, Env Vars, Volumes, Networking, PostgreSQL, Redis optional, Health checks | F8: أي شخص يستطيع تشغيل النظام بدون إعدادات يدوية معقدة
A9: 7 | B9: Cloud & Azure | C9: أسبوعان | D9: API + DB + Storage منشورة | E9: Resource Groups, App Service, PostgreSQL, Storage, Key Vault, Managed Identity, Logs, Environments | F9: لا Secrets في GitHub، والنظام يعمل خارج جهازك المحلي
A10: 8 | B10: .NET Aspire | C10: أسبوع | D10: Solution فيها Aspire Dashboard | E10: AppHost, ServiceDefaults, Orchestration, Health Checks, Logs, Traces, Metrics | F10: Dashboard يعرض الخدمات والاعتمادات والحالة
A11: 9 | B11: Payments, Webhooks, Idempotency, Outbox | C11: 2-3 أسابيع | D11: Payment Flow مع Worker وQueue | E11: Fake Payment Provider, Webhooks, Transactions, Idempotency, Queues, Outbox, Worker, DLQ | F11: تكرار Webhook لا يكرر الدفع أو الطلب
A12: 10 | B12: Testing | C12: أسبوعان | D12: اختبارات تلقائية للميزات الحرجة | E12: Unit Tests, Integration Tests, WebApplicationFactory, Testcontainers, Mocking, Auth Tests, Worker Tests | F12: الميزة المهمة لها اختبار، وليس الاعتماد على Postman فقط
A13: 11 | B13: CI/CD | C13: أسبوع | D13: Pipeline للبناء والاختبار والنشر | E13: Git Branching, PRs, GitHub Actions/Azure DevOps, Docker Image, Deploy, Secrets | F13: أي Push إلى main يشغل Build + Tests على الأقل
... A15: 13 | B15: Microservices optional | C15: 3-4 أسابيع | D15: الفصل بعد نضج Modular Monolith | E15: Service Boundaries, DB per Service, API Gateway, Sync/Async Communication, Events, Saga, Eventual Consistency | F15: كل Service تملك قاعدة بياناتها ولا تدخل على قاعدة غيرها مباشرة

Sheet Weekly_Review
A1: الأسبوع | B1: المخرج المخطط | C1: المخرج الفعلي | D1: جلسات مكتملة | E1: إجمالي الدقائق | F1: العائق الرئيسي | G1: تصحيح الأسبوع القادم | H1: نتيجة المراجعة
A2: 1 | B2: إنشاء Console App مرتب | D2: =COUNTIFS(Daily_Tracker!$B:$B,A2,Daily_Tracker!$G:$G,"تم") -> 0 | E2: =SUMIFS(Daily_Tracker!$F:$F,Daily_Tracker!$B:$B,A2) -> 0
A3: 2 | B3: CRUD للمنتجات والتصنيفات | D3: =COUNTIFS(Daily_Tracker!$B:$B,A3,Daily_Tracker!$G:$G,"تم") -> 0 | E3: =SUMIFS(Daily_Tracker!$F:$F,Daily_Tracker!$B:$B,A3) -> 0
A4: 3 | B4: Orders CRUD مع قاعدة بيانات | D4: =COUNTIFS(Daily_Tracker!$B:$B,A4,Daily_Tracker!$G:$G,"تم") -> 0 | E4: =SUMIFS(Daily_Tracker!$F:$F,Daily_Tracker!$B:$B,A4) -> 0
A5: 4 | B5: Products/Orders كسلايس واضحة | D5: =COUNTIFS(Daily_Tracker!$B:$B,A5,Daily_Tracker!$G:$G,"تم") -> 0 | E5: =SUMIFS(Daily_Tracker!$F:$F,Daily_Tracker!$B:$B,A5) -> 0
A6: 5 | B6: API للمنتجات قابل للبحث والتقسيم | D6: =COUNTIFS(Daily_Tracker!$B:$B,A6,Daily_Tracker!$G:$G,"تم") -> 0 | E6: =SUMIFS(Daily_Tracker!$F:$F,Daily_Tracker!$B:$B,A6) -> 0
A7: 6 | B7: رفع صورة + أخطاء موحدة | D7: =COUNTIFS(Daily_Tracker!$B:$B,A7,Daily_Tracker!$G:$G,"تم") -> 0 | E7: =SUMIFS(Daily_Tracker!$F:$F,Daily_Tracker!$B:$B,A7) -> 0
A8: 7 | B8: قواعد Admin/Seller/Customer | D8: =COUNTIFS(Daily_Tracker!$B:$B,A8,Daily_Tracker!$G:$G,"تم") -> 0 | E8: =SUMIFS(Daily_Tracker!$F:$F,Daily_Tracker!$B:$B,A8) -> 0
A9: 8 | B9: Customer يرى طلباته فقط | D9: =COUNTIFS(Daily_Tracker!$B:$B,A9,Daily_Tracker!$G:$G,"تم") -> 0 | E9: =SUMIFS(Daily_Tracker!$F:$F,Daily_Tracker!$B:$B,A9) -> 0
A10: 9 | B10: لا Entity مباشرة من API | D10: =COUNTIFS(Daily_Tracker!$B:$B,A10,Daily_Tracker!$G:$G,"تم") -> 0 | E10: =SUMIFS(Daily_Tracker!$F:$F,Daily_Tracker!$B:$B,A10) -> 0
A11: 10 | B11: docker compose up يعمل | D11: =COUNTIFS(Daily_Tracker!$B:$B,A11,Daily_Tracker!$G:$G,"تم") -> 0 | E11: =SUMIFS(Daily_Tracker!$F:$F,Daily_Tracker!$B:$B,A11) -> 0
A12: 11 | B12: API منشور على Staging | D12: =COUNTIFS(Daily_Tracker!$B:$B,A12,Daily_Tracker!$G:$G,"تم") -> 0 | E12: =SUMIFS(Daily_Tracker!$F:$F,Daily_Tracker!$B:$B,A12) -> 0
A13: 12 | B13: لا أسرار في المستودع | D13: =COUNTIFS(Daily_Tracker!$B:$B,A13,Daily_Tracker!$G:$G,"تم") -> 0 | E13: =SUMIFS(Daily_Tracker!$F:$F,Daily_Tracker!$B:$B,A13) -> 0
... A25: 24 | B25: Architecture Notes منشورة | D25: =COUNTIFS(Daily_Tracker!$B:$B,A25,Daily_Tracker!$G:$G,"تم") -> 0 | E25: =SUMIFS(Daily_Tracker!$F:$F,Daily_Tracker!$B:$B,A25) -> 0

Sheet Lists
A1: الحالة | B1: الأولوية | C1: الطاقة | D1: نتيجة المراجعة
A2: لم يبدأ | B2: عالية | C2: عالية | D2: ممتاز
A3: قيد التنفيذ | B3: متوسطة | C3: متوسطة | D3: جيد
A4: تم | B4: منخفضة | C4: منخفضة | D4: يحتاج تعديل
A5: متوقف | B5: اختياري | C5: منخفضة جداً | D5: إعادة ضبط
A6: محجوب
